nome,email,telefone_fixo,celular,bairro
Teresinha Alice Vieira,teresinhaalicevieira@poli.ufrj.br,(11) 2911-9926,(11) 98831-2259,Adalgisa
Lavínia Sandra Bruna Martins,lavinia.sandra.martins@fransystems.com.br,(11) 2514-5247,(11) 98654-9826,Adalgisa
Cauã Calebe da Rosa,caua_darosa@bessa.net.br,(11) 3501-5064,(11) 99657-3633,Aliança
Jaqueline Rosa Laura Alves,jaqueline.rosa.alves@desir.com.br,(11) 3507-8934,(11) 99650-2614,Ayrosa
Manuel Leandro Mateus Caldeira,manuel_caldeira@ipek.net.br,(11) 2819-6123,(11) 98356-9759,Ayrosa
Bárbara Mariana Eliane Porto,barbara_mariana_porto@cpfl.com.br,(11) 2580-5449,(11) 98131-7795,Bandeiras
Tereza Mariane Gomes,tereza_mariane_gomes@gmx.com.br,(11) 3944-7013,(11) 98665-6293,Baronesa
Noah Joaquim Oliveira,noah.joaquim.oliveira@eximiart.com.br,(11) 2794-4707,(11) 98944-0438,Bela Vista
Thomas Manuel Breno da Conceição,thomas_daconceicao@centrooleo.com.br,(11) 2868-3128,(11) 99942-0591,Bela Vista
Fabiana Isabelly Márcia Moraes,fabianaisabellymoraes@yhaoo.com.br,(11) 2688-9852,(11) 98658-5295,Bela Vista
Sueli Malu da Mata,sueli-damata85@maptec.com.br,(11) 3664-0703,(11) 98496-9093,Bela Vista
Carlos Sérgio Carlos Farias,carlos_farias@lavabit.com,(11) 2896-2393,(11) 99137-6218,Bussocaba
Vitória Juliana Emily dos Santos,vitoriajulianadossantos@tribunadeindaia.com.br,(11) 2895-6070,(11) 99750-3848,Bussocaba
Clara Alana Aparício,claraalanaaparicio@yahoo.de,(11) 3674-2854,(11) 99536-5522,Centro
Brenda Aparecida Sueli Monteiro,brenda-monteiro95@puenteimoveis.com.br,(11) 2889-0544,(11) 99256-3897,Centro
Henry Bruno Aparício,henrybrunoaparicio@iquattro.com.br,(11) 2667-8794,(11) 98824-6255,Centro
Marli Manuela Andrea da Rocha,marli.manuela.darocha@hubersuhner.com,(11) 2693-3489,(11) 98378-2203,Cidade das Flores
Carla Andreia Novaes,carla_novaes@moderna.com.br,(11) 3904-5688,(11) 98806-6452,Cipava
Sophia Isadora Allana Dias,sophia.isadora.dias@yahoo.co.uk,(11) 3778-4921,(11) 99196-4958,Cipava
Elias Isaac Castro,elias_castro@systemsadvisers.com,(11) 2967-2494,(11) 98394-5183,City Bussocaba
Elias Isaac Castro,elias_castro@systemsadvisers.com,(11) 2967-2494,,City Bussocaba
Helena Betina Castro,helena-castro99@knowconsulting.com.br,(11) 2618-1140,(11) 98414-3893,Conceição
Samuel Miguel Nunes,samuelmiguelnunes@metalplasma.com.br,(11) 2612-3525,(11) 98685-6247,Conceição
Pedro Igor Felipe Lopes,pedro-lopes94@opusvp.com.br,(11) 2612-8606,(11) 98170-5476,Conceição
Sophia Nair Carolina Costa,sophia-costa74@abcturismo.com.br,(11) 2813-1620,(11) 99107-1866,Helena Maria
Gabrielly Rosângela Nascimento,gabriellyrosangelanascimento@temp.com.br,(11) 3943-2985,(11) 99493-5476,Helena Maria
Marlene Hadassa Carvalho,marlene_carvalho@casabellavidros.com.br,(11) 2695-6279,(11) 99142-2457,Industrial Anhangüera
Gabrielly Bruna Priscila Moreira,gabrielly_moreira@sefaz.am.gov.br,(11) 3765-0256,(11) 99794-0611,Jaguaribe
Lívia Beatriz Brito,livia.beatriz.brito@tonyveiculos.com.br,(11) 2678-0757,(11) 98566-6010,Jardim D'Abril
Emilly Rayssa Rocha,emilly-rocha84@marketingvale.com.br,(11) 2986-9895,(11) 98354-8105,Jardim D'Abril
Tiago Marcos Arthur Sales,tiago-sales89@iss.com.br,(11) 3555-0338,(11) 98951-5110,Jardim D'Abril
Emanuel Bruno Lima,emanuel.bruno.lima@prudential.com,(11) 3658-2727,(11) 98333-5555,Jardim D'Abril
Bárbara Marli Ferreira,barbara_marli_ferreira@santander.com.br,(11) 3737-5657,(11) 99732-3292,Jardim Elvira
Stefany Marli Isabel Jesus,stefany_marli_jesus@parker.com,(11) 2772-8317,(11) 98807-7549,Jardim Elvira
Agatha Teresinha Heloisa Nogueira,agatha_teresinha_nogueira@panevale.com.br,(11) 3773-4782,(11) 99637-4782,Jardim Elvira
Fernando Elias Baptista,fernando.elias.baptista@alemponte.com.br,(11) 3760-6472,(11) 98650-1197,Jardim Elvira
Maya Sandra Daiane Santos,maya.sandra.santos@moncoes.com.br,(11) 3730-0381,(11) 99817-7614,Jardim Primeiro de Maio (Chácara Fazendinha)
Nathan Manuel Pedro Henrique Farias,nathan_manuel_farias@plastic.com.br,(11) 3877-2709,(11) 98555-1354,Jardim Roberto
Sérgio Vinicius Santos,sergio-santos70@lht.com.br,(11) 2658-4977,(11) 98493-8571,Jardim Roberto
Thales Kaique Gonçalves,thales_goncalves@smbcontabil.com.br,(11) 3957-2761,(11) 98973-8671,Jardim das Flores
Guilherme Bento da Silva,guilherme-dasilva90@realbit.com.br,(11) 2925-0242,(11) 99513-6128,Jardim das Flores
Cecília Brenda Assunção,ceciliabrendaassuncao@belbrindes.com,(11) 3645-5560,(11) 98976-4566,Jardim das Flores
Benjamin Carlos Ribeiro,benjamincarlosribeiro@azevedoalves.com.br,(11) 3503-9793,(11) 98403-3385,Metalúrgicos
Daniel Rafael Felipe Barbosa,daniel-barbosa94@cotamtambores.com.br,(11) 2545-8071,(11) 99549-4375,Mutinga
Breno Bryan Dias,breno.bryan.dias@iglod.com,(11) 2959-2321,(11) 98293-2952,Mutinga
Rita Mariane Ester Silva,rita_silva@utbr.com.br,(11) 3801-1135,(11) 99830-6421,Mutinga
Liz Emilly Nascimento,liz_nascimento@delfrateinfo.com.br,(11) 2949-1675,(11) 99647-8916,Novo Osasco
Ian Erick Renan Drumond,ian_drumond@vilasites.com.br,(11) 2570-0026,(11) 99944-0216,Novo Osasco
Tereza Antonella Moreira,tereza_antonella_moreira@senioraereo.com.br,(11) 2844-0621,(11) 99609-9637,Novo Osasco
Marina Betina Ribeiro,marinabetinaribeiro@avantii.com.br,(11) 3966-6173,(11) 98428-2728,Novo Osasco
Joana Vanessa Vanessa Assunção,joana_vanessa_assuncao@sinalmanaus.com.br,(11) 99231-0760,(11) 99231-0760,Padroeira
Juliana Amanda Ribeiro,juliana_amanda_ribeiro@abdalathomaz.adv.br,(11) 2753-3996,(11) 99706-1900,Padroeira
Elaine Emily Novaes,elaine_emily_novaes@pronursing.com.br,(11) 2747-4267,(11) 98202-2003,Padroeira
Joana Vanessa Vanessa Assunção,joana_vanessa_assuncao@sinalmanaus.com.br,(11) 3646-7340,(11) 99231-0760,Padroeira
Regina Joana Fátima de Paula,regina.joana.depaula@reginfo.com.br,(11) 3901-1385,(11) 99737-7901,Padroeira
Jéssica Clarice Cardoso,jessicaclaricecardoso@powerblade.com.br,(11) 3776-4721,(11) 98184-2177,Piratininga
Priscila Lara Assis,priscila.lara.assis@comprehense.com.br,(11) 2787-1669,(11) 98278-6888,Piratininga
Marli Giovanna Stella Almeida,marli_giovanna_almeida@escritorioindaia.com.br,(11) 2709-5980,(11) 99600-1508,Presidente Altino
Sabrina Rosângela Vieira,sabrina_rosangela_vieira@mirabeau.art.br,(11) 2787-3767,(11) 99924-0756,Presidente Altino
Jorge Elias Nathan Vieira,jorge.elias.vieira@fiorecomunicacao.com.br,(11) 3988-6610,(11) 98513-8296,Presidente Altino
Calebe Pedro Henrique Arthur Pires,calebepedropires@flama.biz,(11) 3853-1339,(11) 98752-5673,Remédios
Alice Rebeca Ana Assis,alice_assis@companhiadigital.net,(11) 2558-1279,(11) 99785-0855,Remédios
Tomás Igor Emanuel da Rocha,tomas_igor_darocha@facilitycom.com.br,(11) 2567-3988,(11) 99147-4686,Rochdale
Luiz Felipe Nunes,luiz-nunes78@saae.sp.gov.br,(11) 2940-1953,(11) 98450-5758,Rochdale
Carla Aparecida Isadora Fogaça,carla_aparecida_fogaca@gilbertorodrigues.com,(11) 3735-5259,(11) 98765-1746,Rochdale
Geraldo Fernando Ramos,geraldo.fernando.ramos@netpont.com.br,(11) 2859-8002,(11) 98495-0552,Rochdale
Mariana Natália Jesus,mariana.natalia.jesus@fertau.com.br,(11) 2680-5223,(11) 98544-0032,Rochdale
Tomás Igor Emanuel da Rocha,(11) 2567-3988,(11) 2567-3988,(11) 99147-4686,Rochdale
Lúcia Aparecida da Silva,lucia_dasilva@mrarquitetura.com.br,(11) 2546-7833,(11) 98646-2315,Santa Fé
Gael Pedro Henrique Arthur Rocha,gael_pedro_rocha@tedde.com.br,(11) 3760-9194,(11) 98692-0334,Santo Antônio
Benjamin Noah Roberto Pires,benjamin_noah_pires@hersa.com.br,(11) 2854-8617,(11) 98702-2157,Santo Antônio
Theo Pietro Luís Baptista,theo_pietro_baptista@vemter.com.br,(11) 3964-1846,(11) 98845-5989,Santo Antônio
Amanda Stella Souza,amandastellasouza@aedu.com,(11) 2822-8565,(11) 98137-4002,São Pedro
Rafaela Sônia Nogueira,rafaela_nogueira@grupogil.com.br,(11) 2782-3491,(11) 98843-6397,Três Montanhas
Rafaela Sônia Nogueira,rafaela_nogueira@grupogil.com.br,(11) 98843-6397,(11) 98843-6397,Três Montanhas
Thiago Igor Rodrigo Gonçalves,thiago.igor.goncalves@phocus.com.br,(11) 2712-2231,(11) 99974-5237,Umuarama
Nair Jaqueline Bianca Pinto,nair_jaqueline_pinto@uol.com,(11) 2645-8511,(11) 99793-1944,Umuarama
Rita Andrea da Cunha,rita_dacunha@catsfeelings.com.br,(11) 2852-6359,(11) 99455-8287,Veloso
Osvaldo Juan Cauã Viana,osvaldo_juan_viana@pichler.com.br,(11) 2534-8692,(11) 98555-6499,Veloso
Vanessa Luana Ferreira,vanessaluanaferreira@recoferindustria.com.br,(11) 3510-6487,(11) 98299-4140,Vila Campesina
Elza Esther Rayssa Fernandes,elzaestherfernandes@gmx.net,(11) 3666-2646,,Vila Campesina
Priscila Aline Letícia Pereira,priscilaalinepereira@aspxsistemas.com.com.br,(11) 3840-2358,(11) 98130-0366,Vila Campesina
Elza Esther Rayssa Fernandes,elzaestherfernandes@gmx.net,(11) 3666-2646,(11) 98857-4535,Vila Campesina
Natália Lívia Drumond,natalia.livia.drumond@soluxenergiasolar.com.br,(11) 3566-5785,(11) 99426-1108,Vila Menck
Joaquim Theo Felipe Ramos,joaquim.theo.ramos@validtecnologia.com.br,(11) 3725-4789,(11) 98231-5458,Vila Menck
Isaac Lucas Barbosa,isaac.lucas.barbosa@stembalagens.com.br,(11) 2656-4924,(11) 99726-2261,Vila Menck
Letícia Priscila Nogueira,leticia_priscila_nogueira@vlcorporate.com,(11) 3651-1064,(11) 98526-0660,Vila Menck
Emily Laura da Costa,emilylauradacosta@hellokitty.com,(11) 2745-7620,(11) 98400-6265,Vila Menck
Bruno Henry Calebe Rezende,"bruno_rezende@yahoo.com,br",(11) 3754-6981,(11) 99474-1510,Vila Menck
Emanuelly Rebeca dos Santos,emanuelly_rebeca_dossantos@sp.gov.br,(11) 3919-0688,(11) 98732-3778,Vila Menck
Adriana Sophia Eliane Oliveira,adrianasophiaoliveira@fulltransport.com.br,(11) 3934-9619,(11) 98670-0932,Vila Yara
Diogo Caio Souza,diogo-souza71@inepar.com.br,(11) 2870-2605,(11) 98615-9236,Vila Yara
Roberto Cauã da Paz,roberto_caua_dapaz@terra.com,(11) 2854-1421,(11) 98564-5286,Vila Yara
Henry Ian Anthony Corte Real,henry.ian.cortereal@hotmail.it,(11) 2753-7407,(11) 98341-5889,km 18
